Reference 1,Reference 1 sequence length,Reference 2,Reference 2 sequence length,Hamming distance
Clostridium_perfringens:231435-232945(+),1510,Clostridium_perfringens:231435-232945(+),1510,0
Clostridium_perfringens:231435-232945(+),1510,Clostridium_thermocellum:3427587-3429113(+),1526,892
Clostridium_perfringens:231435-232945(+),1510,Coraliomargarita_akajimensis:1561357-1562908(-),1551,949
Clostridium_perfringens:231435-232945(+),1510,Corynebacterium_glutamicum:1479364-1480885(+),1521,934
Clostridium_perfringens:231435-232945(+),1510,Desulfosporosinus_acidiphilus:833160-834726(+),1566,906
Clostridium_perfringens:231435-232945(+),1510,Desulfosporosinus_meridiei:945380-946945(+),1565,906
Clostridium_perfringens:231435-232945(+),1510,Desulfotomaculum_gibsoniae:1268173-1269702(+),1529,905
Clostridium_perfringens:231435-232945(+),1510,Escherichia_coli:3425243-3426781(-),1538,925
Clostridium_perfringens:231435-232945(+),1510,Echinicola_vietnamensis:2105268-2106787(+),1519,1086
Clostridium_perfringens:231435-232945(+),1510,Fervidobacterium_pennivorans:278157-279662(+),1505,1041
Clostridium_perfringens:231435-232945(+),1510,Frateuria_aurantia:44108-45649(+),1541,948
Clostridium_perfringens:231435-232945(+),1510,Halovivax_ruber:198297-199763(+),1466,977
Clostridium_perfringens:231435-232945(+),1510,Hirschia_baltica:691825-693271(+),1446,651
Clostridium_perfringens:231435-232945(+),1510,Meiothermus_silvanus:3154468-3155958(+),1490,903
Clostridium_perfringens:231435-232945(+),1510,Natronobacterium_gregoryi:1332969-1334433(-),1464,980
Clostridium_perfringens:231435-232945(+),1510,Natronococcus_occultus:1284986-1286450(+),1464,983
Clostridium_perfringens:231435-232945(+),1510,Nocardiopsis_dassonvillei:67121-68652(+),1531,927
Clostridium_perfringens:231435-232945(+),1510,Olsenella_uli:159961-161472(+),1511,1092
Clostridium_perfringens:231435-232945(+),1510,Pseudomonas_stutzeri:2121788-2123320(+),1532,948
Clostridium_perfringens:231435-232945(+),1510,Salmonella_bongori:3998147-3999685(+),1538,927
Clostridium_perfringens:231435-232945(+),1510,Salmonella_enterica:3693493-3695031(-),1538,925
Clostridium_perfringens:231435-232945(+),1510,Segniliparus_rotundus:687290-688803(+),1513,878
Clostridium_perfringens:231435-232945(+),1510,Spirochaeta_smaragdinae:3456588-3458127(-),1539,870
Clostridium_perfringens:231435-232945(+),1510,Streptococcus_pyogenes:17069-18614(+),1545,866
Clostridium_perfringens:231435-232945(+),1510,Terriglobus_roseus:924357-925855(+),1498,1068
Clostridium_perfringens:231435-232945(+),1510,Thermobacillus_composti:3749735-3751338(-),1603,924
Clostridium_thermocellum:3427587-3429113(+),1526,Clostridium_perfringens:231435-232945(+),1510,892
Clostridium_thermocellum:3427587-3429113(+),1526,Clostridium_thermocellum:3427587-3429113(+),1526,0
Clostridium_thermocellum:3427587-3429113(+),1526,Coraliomargarita_akajimensis:1561357-1562908(-),1551,802
Clostridium_thermocellum:3427587-3429113(+),1526,Corynebacterium_glutamicum:1479364-1480885(+),1521,1073
Clostridium_thermocellum:3427587-3429113(+),1526,Desulfosporosinus_acidiphilus:833160-834726(+),1566,801
Clostridium_thermocellum:3427587-3429113(+),1526,Desulfosporosinus_meridiei:945380-946945(+),1565,809
Clostridium_thermocellum:3427587-3429113(+),1526,Desulfotomaculum_gibsoniae:1268173-1269702(+),1529,559
Clostridium_thermocellum:3427587-3429113(+),1526,Escherichia_coli:3425243-3426781(-),1538,1062
Clostridium_thermocellum:3427587-3429113(+),1526,Echinicola_vietnamensis:2105268-2106787(+),1519,975
Clostridium_thermocellum:3427587-3429113(+),1526,Fervidobacterium_pennivorans:278157-279662(+),1505,910
Clostridium_thermocellum:3427587-3429113(+),1526,Frateuria_aurantia:44108-45649(+),1541,686
Clostridium_thermocellum:3427587-3429113(+),1526,Halovivax_ruber:198297-199763(+),1466,1008
Clostridium_thermocellum:3427587-3429113(+),1526,Hirschia_baltica:691825-693271(+),1446,867
Clostridium_thermocellum:3427587-3429113(+),1526,Meiothermus_silvanus:3154468-3155958(+),1490,928
Clostridium_thermocellum:3427587-3429113(+),1526,Natronobacterium_gregoryi:1332969-1334433(-),1464,997
Clostridium_thermocellum:3427587-3429113(+),1526,Natronococcus_occultus:1284986-1286450(+),1464,1011
Clostridium_thermocellum:3427587-3429113(+),1526,Nocardiopsis_dassonvillei:67121-68652(+),1531,770
Clostridium_thermocellum:3427587-3429113(+),1526,Olsenella_uli:159961-161472(+),1511,890
Clostridium_thermocellum:3427587-3429113(+),1526,Pseudomonas_stutzeri:2121788-2123320(+),1532,881
Clostridium_thermocellum:3427587-3429113(+),1526,Salmonella_bongori:3998147-3999685(+),1538,1061
Clostridium_thermocellum:3427587-3429113(+),1526,Salmonella_enterica:3693493-3695031(-),1538,1067
Clostridium_thermocellum:3427587-3429113(+),1526,Segniliparus_rotundus:687290-688803(+),1513,1039
Clostridium_thermocellum:3427587-3429113(+),1526,Spirochaeta_smaragdinae:3456588-3458127(-),1539,968
Clostridium_thermocellum:3427587-3429113(+),1526,Streptococcus_pyogenes:17069-18614(+),1545,778
Clostridium_thermocellum:3427587-3429113(+),1526,Terriglobus_roseus:924357-925855(+),1498,993
Clostridium_thermocellum:3427587-3429113(+),1526,Thermobacillus_composti:3749735-3751338(-),1603,810
Coraliomargarita_akajimensis:1561357-1562908(-),1551,Clostridium_perfringens:231435-232945(+),1510,949
Coraliomargarita_akajimensis:1561357-1562908(-),1551,Clostridium_thermocellum:3427587-3429113(+),1526,802
Coraliomargarita_akajimensis:1561357-1562908(-),1551,Coraliomargarita_akajimensis:1561357-1562908(-),1551,0
Coraliomargarita_akajimensis:1561357-1562908(-),1551,Corynebacterium_glutamicum:1479364-1480885(+),1521,1011
Coraliomargarita_akajimensis:1561357-1562908(-),1551,Desulfosporosinus_acidiphilus:833160-834726(+),1566,866
Coraliomargarita_akajimensis:1561357-1562908(-),1551,Desulfosporosinus_meridiei:945380-946945(+),1565,874
Coraliomargarita_akajimensis:1561357-1562908(-),1551,Desulfotomaculum_gibsoniae:1268173-1269702(+),1529,1010
Coraliomargarita_akajimensis:1561357-1562908(-),1551,Escherichia_coli:3425243-3426781(-),1538,970
Coraliomargarita_akajimensis:1561357-1562908(-),1551,Echinicola_vietnamensis:2105268-2106787(+),1519,986
Coraliomargarita_akajimensis:1561357-1562908(-),1551,Fervidobacterium_pennivorans:278157-279662(+),1505,922
Coraliomargarita_akajimensis:1561357-1562908(-),1551,Frateuria_aurantia:44108-45649(+),1541,1098
Coraliomargarita_akajimensis:1561357-1562908(-),1551,Halovivax_ruber:198297-199763(+),1466,983
Coraliomargarita_akajimensis:1561357-1562908(-),1551,Hirschia_baltica:691825-693271(+),1446,895
Coraliomargarita_akajimensis:1561357-1562908(-),1551,Meiothermus_silvanus:3154468-3155958(+),1490,930
Coraliomargarita_akajimensis:1561357-1562908(-),1551,Natronobacterium_gregoryi:1332969-1334433(-),1464,976
Coraliomargarita_akajimensis:1561357-1562908(-),1551,Natronococcus_occultus:1284986-1286450(+),1464,990
Coraliomargarita_akajimensis:1561357-1562908(-),1551,Nocardiopsis_dassonvillei:67121-68652(+),1531,1088
Coraliomargarita_akajimensis:1561357-1562908(-),1551,Olsenella_uli:159961-161472(+),1511,1002
Coraliomargarita_akajimensis:1561357-1562908(-),1551,Pseudomonas_stutzeri:2121788-2123320(+),1532,928
Coraliomargarita_akajimensis:1561357-1562908(-),1551,Salmonella_bongori:3998147-3999685(+),1538,969
Coraliomargarita_akajimensis:1561357-1562908(-),1551,Salmonella_enterica:3693493-3695031(-),1538,970
Coraliomargarita_akajimensis:1561357-1562908(-),1551,Segniliparus_rotundus:687290-688803(+),1513,1003
Coraliomargarita_akajimensis:1561357-1562908(-),1551,Spirochaeta_smaragdinae:3456588-3458127(-),1539,990
Coraliomargarita_akajimensis:1561357-1562908(-),1551,Streptococcus_pyogenes:17069-18614(+),1545,926
Coraliomargarita_akajimensis:1561357-1562908(-),1551,Terriglobus_roseus:924357-925855(+),1498,996
Coraliomargarita_akajimensis:1561357-1562908(-),1551,Thermobacillus_composti:3749735-3751338(-),1603,783
Corynebacterium_glutamicum:1479364-1480885(+),1521,Clostridium_perfringens:231435-232945(+),1510,934
Corynebacterium_glutamicum:1479364-1480885(+),1521,Clostridium_thermocellum:3427587-3429113(+),1526,1073
Corynebacterium_glutamicum:1479364-1480885(+),1521,Coraliomargarita_akajimensis:1561357-1562908(-),1551,1011
Corynebacterium_glutamicum:1479364-1480885(+),1521,Corynebacterium_glutamicum:1479364-1480885(+),1521,0
Corynebacterium_glutamicum:1479364-1480885(+),1521,Desulfosporosinus_acidiphilus:833160-834726(+),1566,894
Corynebacterium_glutamicum:1479364-1480885(+),1521,Desulfosporosinus_meridiei:945380-946945(+),1565,894
Corynebacterium_glutamicum:1479364-1480885(+),1521,Desulfotomaculum_gibsoniae:1268173-1269702(+),1529,940
Corynebacterium_glutamicum:1479364-1480885(+),1521,Escherichia_coli:3425243-3426781(-),1538,1002
Corynebacterium_glutamicum:1479364-1480885(+),1521,Echinicola_vietnamensis:2105268-2106787(+),1519,1011
Corynebacterium_glutamicum:1479364-1480885(+),1521,Fervidobacterium_pennivorans:278157-279662(+),1505,846
Corynebacterium_glutamicum:1479364-1480885(+),1521,Frateuria_aurantia:44108-45649(+),1541,923
Corynebacterium_glutamicum:1479364-1480885(+),1521,Halovivax_ruber:198297-199763(+),1466,937
Corynebacterium_glutamicum:1479364-1480885(+),1521,Hirschia_baltica:691825-693271(+),1446,949
Corynebacterium_glutamicum:1479364-1480885(+),1521,Meiothermus_silvanus:3154468-3155958(+),1490,987
Corynebacterium_glutamicum:1479364-1480885(+),1521,Natronobacterium_gregoryi:1332969-1334433(-),1464,931
Corynebacterium_glutamicum:1479364-1480885(+),1521,Natronococcus_occultus:1284986-1286450(+),1464,935
Corynebacterium_glutamicum:1479364-1480885(+),1521,Nocardiopsis_dassonvillei:67121-68652(+),1531,859
Corynebacterium_glutamicum:1479364-1480885(+),1521,Olsenella_uli:159961-161472(+),1511,827
Corynebacterium_glutamicum:1479364-1480885(+),1521,Pseudomonas_stutzeri:2121788-2123320(+),1532,1097
Corynebacterium_glutamicum:1479364-1480885(+),1521,Salmonella_bongori:3998147-3999685(+),1538,999
Corynebacterium_glutamicum:1479364-1480885(+),1521,Salmonella_enterica:3693493-3695031(-),1538,996
Corynebacterium_glutamicum:1479364-1480885(+),1521,Segniliparus_rotundus:687290-688803(+),1513,555
Corynebacterium_glutamicum:1479364-1480885(+),1521,Spirochaeta_smaragdinae:3456588-3458127(-),1539,960
Corynebacterium_glutamicum:1479364-1480885(+),1521,Streptococcus_pyogenes:17069-18614(+),1545,1017
Corynebacterium_glutamicum:1479364-1480885(+),1521,Terriglobus_roseus:924357-925855(+),1498,845
Corynebacterium_glutamicum:1479364-1480885(+),1521,Thermobacillus_composti:3749735-3751338(-),1603,895
Desulfosporosinus_acidiphilus:833160-834726(+),1566,Clostridium_perfringens:231435-232945(+),1510,906
Desulfosporosinus_acidiphilus:833160-834726(+),1566,Clostridium_thermocellum:3427587-3429113(+),1526,801
Desulfosporosinus_acidiphilus:833160-834726(+),1566,Coraliomargarita_akajimensis:1561357-1562908(-),1551,866
Desulfosporosinus_acidiphilus:833160-834726(+),1566,Corynebacterium_glutamicum:1479364-1480885(+),1521,894
Desulfosporosinus_acidiphilus:833160-834726(+),1566,Desulfosporosinus_acidiphilus:833160-834726(+),1566,0
Desulfosporosinus_acidiphilus:833160-834726(+),1566,Desulfosporosinus_meridiei:945380-946945(+),1565,120
Desulfosporosinus_acidiphilus:833160-834726(+),1566,Desulfotomaculum_gibsoniae:1268173-1269702(+),1529,517
Desulfosporosinus_acidiphilus:833160-834726(+),1566,Escherichia_coli:3425243-3426781(-),1538,934
Desulfosporosinus_acidiphilus:833160-834726(+),1566,Echinicola_vietnamensis:2105268-2106787(+),1519,935
Desulfosporosinus_acidiphilus:833160-834726(+),1566,Fervidobacterium_pennivorans:278157-279662(+),1505,932
Desulfosporosinus_acidiphilus:833160-834726(+),1566,Frateuria_aurantia:44108-45649(+),1541,850
Desulfosporosinus_acidiphilus:833160-834726(+),1566,Halovivax_ruber:198297-199763(+),1466,946
Desulfosporosinus_acidiphilus:833160-834726(+),1566,Hirschia_baltica:691825-693271(+),1446,896
Desulfosporosinus_acidiphilus:833160-834726(+),1566,Meiothermus_silvanus:3154468-3155958(+),1490,928
Desulfosporosinus_acidiphilus:833160-834726(+),1566,Natronobacterium_gregoryi:1332969-1334433(-),1464,937
Desulfosporosinus_acidiphilus:833160-834726(+),1566,Natronococcus_occultus:1284986-1286450(+),1464,935
Desulfosporosinus_acidiphilus:833160-834726(+),1566,Nocardiopsis_dassonvillei:67121-68652(+),1531,772
Desulfosporosinus_acidiphilus:833160-834726(+),1566,Olsenella_uli:159961-161472(+),1511,988
Desulfosporosinus_acidiphilus:833160-834726(+),1566,Pseudomonas_stutzeri:2121788-2123320(+),1532,895
Desulfosporosinus_acidiphilus:833160-834726(+),1566,Salmonella_bongori:3998147-3999685(+),1538,936
Desulfosporosinus_acidiphilus:833160-834726(+),1566,Salmonella_enterica:3693493-3695031(-),1538,939
Desulfosporosinus_acidiphilus:833160-834726(+),1566,Segniliparus_rotundus:687290-688803(+),1513,892
Desulfosporosinus_acidiphilus:833160-834726(+),1566,Spirochaeta_smaragdinae:3456588-3458127(-),1539,889
Desulfosporosinus_acidiphilus:833160-834726(+),1566,Streptococcus_pyogenes:17069-18614(+),1545,911
Desulfosporosinus_acidiphilus:833160-834726(+),1566,Terriglobus_roseus:924357-925855(+),1498,815
Desulfosporosinus_acidiphilus:833160-834726(+),1566,Thermobacillus_composti:3749735-3751338(-),1603,772
Desulfosporosinus_meridiei:945380-946945(+),1565,Clostridium_perfringens:231435-232945(+),1510,906
Desulfosporosinus_meridiei:945380-946945(+),1565,Clostridium_thermocellum:3427587-3429113(+),1526,809
Desulfosporosinus_meridiei:945380-946945(+),1565,Coraliomargarita_akajimensis:1561357-1562908(-),1551,874
Desulfosporosinus_meridiei:945380-946945(+),1565,Corynebacterium_glutamicum:1479364-1480885(+),1521,894
Desulfosporosinus_meridiei:945380-946945(+),1565,Desulfosporosinus_acidiphilus:833160-834726(+),1566,120
Desulfosporosinus_meridiei:945380-946945(+),1565,Desulfosporosinus_meridiei:945380-946945(+),1565,0
Desulfosporosinus_meridiei:945380-946945(+),1565,Desulfotomaculum_gibsoniae:1268173-1269702(+),1529,534
Desulfosporosinus_meridiei:945380-946945(+),1565,Escherichia_coli:3425243-3426781(-),1538,930
Desulfosporosinus_meridiei:945380-946945(+),1565,Echinicola_vietnamensis:2105268-2106787(+),1519,919
Desulfosporosinus_meridiei:945380-946945(+),1565,Fervidobacterium_pennivorans:278157-279662(+),1505,945
Desulfosporosinus_meridiei:945380-946945(+),1565,Frateuria_aurantia:44108-45649(+),1541,849
Desulfosporosinus_meridiei:945380-946945(+),1565,Halovivax_ruber:198297-199763(+),1466,963
Desulfosporosinus_meridiei:945380-946945(+),1565,Hirschia_baltica:691825-693271(+),1446,899
Desulfosporosinus_meridiei:945380-946945(+),1565,Meiothermus_silvanus:3154468-3155958(+),1490,930
Desulfosporosinus_meridiei:945380-946945(+),1565,Natronobacterium_gregoryi:1332969-1334433(-),1464,949
Desulfosporosinus_meridiei:945380-946945(+),1565,Natronococcus_occultus:1284986-1286450(+),1464,946
Desulfosporosinus_meridiei:945380-946945(+),1565,Nocardiopsis_dassonvillei:67121-68652(+),1531,776
Desulfosporosinus_meridiei:945380-946945(+),1565,Olsenella_uli:159961-161472(+),1511,991
Desulfosporosinus_meridiei:945380-946945(+),1565,Pseudomonas_stutzeri:2121788-2123320(+),1532,907
Desulfosporosinus_meridiei:945380-946945(+),1565,Salmonella_bongori:3998147-3999685(+),1538,933
Desulfosporosinus_meridiei:945380-946945(+),1565,Salmonella_enterica:3693493-3695031(-),1538,936
Desulfosporosinus_meridiei:945380-946945(+),1565,Segniliparus_rotundus:687290-688803(+),1513,890
Desulfosporosinus_meridiei:945380-946945(+),1565,Spirochaeta_smaragdinae:3456588-3458127(-),1539,907
Desulfosporosinus_meridiei:945380-946945(+),1565,Streptococcus_pyogenes:17069-18614(+),1545,892
Desulfosporosinus_meridiei:945380-946945(+),1565,Terriglobus_roseus:924357-925855(+),1498,823
Desulfosporosinus_meridiei:945380-946945(+),1565,Thermobacillus_composti:3749735-3751338(-),1603,769
Desulfotomaculum_gibsoniae:1268173-1269702(+),1529,Clostridium_perfringens:231435-232945(+),1510,905
Desulfotomaculum_gibsoniae:1268173-1269702(+),1529,Clostridium_thermocellum:3427587-3429113(+),1526,559
Desulfotomaculum_gibsoniae:1268173-1269702(+),1529,Coraliomargarita_akajimensis:1561357-1562908(-),1551,1010
Desulfotomaculum_gibsoniae:1268173-1269702(+),1529,Corynebacterium_glutamicum:1479364-1480885(+),1521,940
Desulfotomaculum_gibsoniae:1268173-1269702(+),1529,Desulfosporosinus_acidiphilus:833160-834726(+),1566,517
Desulfotomaculum_gibsoniae:1268173-1269702(+),1529,Desulfosporosinus_meridiei:945380-946945(+),1565,534
Desulfotomaculum_gibsoniae:1268173-1269702(+),1529,Desulfotomaculum_gibsoniae:1268173-1269702(+),1529,0
Desulfotomaculum_gibsoniae:1268173-1269702(+),1529,Escherichia_coli:3425243-3426781(-),1538,1131
Desulfotomaculum_gibsoniae:1268173-1269702(+),1529,Echinicola_vietnamensis:2105268-2106787(+),1519,996
Desulfotomaculum_gibsoniae:1268173-1269702(+),1529,Fervidobacterium_pennivorans:278157-279662(+),1505,937
Desulfotomaculum_gibsoniae:1268173-1269702(+),1529,Frateuria_aurantia:44108-45649(+),1541,946
Desulfotomaculum_gibsoniae:1268173-1269702(+),1529,Halovivax_ruber:198297-199763(+),1466,941
Desulfotomaculum_gibsoniae:1268173-1269702(+),1529,Hirschia_baltica:691825-693271(+),1446,889
Desulfotomaculum_gibsoniae:1268173-1269702(+),1529,Meiothermus_silvanus:3154468-3155958(+),1490,948
Desulfotomaculum_gibsoniae:1268173-1269702(+),1529,Natronobacterium_gregoryi:1332969-1334433(-),1464,964
Desulfotomaculum_gibsoniae:1268173-1269702(+),1529,Natronococcus_occultus:1284986-1286450(+),1464,947
Desulfotomaculum_gibsoniae:1268173-1269702(+),1529,Nocardiopsis_dassonvillei:67121-68652(+),1531,803
Desulfotomaculum_gibsoniae:1268173-1269702(+),1529,Olsenella_uli:159961-161472(+),1511,903
Desulfotomaculum_gibsoniae:1268173-1269702(+),1529,Pseudomonas_stutzeri:2121788-2123320(+),1532,1127
Desulfotomaculum_gibsoniae:1268173-1269702(+),1529,Salmonella_bongori:3998147-3999685(+),1538,1134
Desulfotomaculum_gibsoniae:1268173-1269702(+),1529,Salmonella_enterica:3693493-3695031(-),1538,1133
Desulfotomaculum_gibsoniae:1268173-1269702(+),1529,Segniliparus_rotundus:687290-688803(+),1513,929
Desulfotomaculum_gibsoniae:1268173-1269702(+),1529,Spirochaeta_smaragdinae:3456588-3458127(-),1539,977
Desulfotomaculum_gibsoniae:1268173-1269702(+),1529,Streptococcus_pyogenes:17069-18614(+),1545,969
Desulfotomaculum_gibsoniae:1268173-1269702(+),1529,Terriglobus_roseus:924357-925855(+),1498,805
Desulfotomaculum_gibsoniae:1268173-1269702(+),1529,Thermobacillus_composti:3749735-3751338(-),1603,766
Escherichia_coli:3425243-3426781(-),1538,Clostridium_perfringens:231435-232945(+),1510,925
Escherichia_coli:3425243-3426781(-),1538,Clostridium_thermocellum:3427587-3429113(+),1526,1062
Escherichia_coli:3425243-3426781(-),1538,Coraliomargarita_akajimensis:1561357-1562908(-),1551,970
Escherichia_coli:3425243-3426781(-),1538,Corynebacterium_glutamicum:1479364-1480885(+),1521,1002
Escherichia_coli:3425243-3426781(-),1538,Desulfosporosinus_acidiphilus:833160-834726(+),1566,934
Escherichia_coli:3425243-3426781(-),1538,Desulfosporosinus_meridiei:945380-946945(+),1565,930
Escherichia_coli:3425243-3426781(-),1538,Desulfotomaculum_gibsoniae:1268173-1269702(+),1529,1131
Escherichia_coli:3425243-3426781(-),1538,Escherichia_coli:3425243-3426781(-),1538,0
Escherichia_coli:3425243-3426781(-),1538,Echinicola_vietnamensis:2105268-2106787(+),1519,951
Escherichia_coli:3425243-3426781(-),1538,Fervidobacterium_pennivorans:278157-279662(+),1505,938
Escherichia_coli:3425243-3426781(-),1538,Frateuria_aurantia:44108-45649(+),1541,982
Escherichia_coli:3425243-3426781(-),1538,Halovivax_ruber:198297-199763(+),1466,948
Escherichia_coli:3425243-3426781(-),1538,Hirschia_baltica:691825-693271(+),1446,877
Escherichia_coli:3425243-3426781(-),1538,Meiothermus_silvanus:3154468-3155958(+),1490,927
Escherichia_coli:3425243-3426781(-),1538,Natronobacterium_gregoryi:1332969-1334433(-),1464,938
Escherichia_coli:3425243-3426781(-),1538,Natronococcus_occultus:1284986-1286450(+),1464,950
Escherichia_coli:3425243-3426781(-),1538,Nocardiopsis_dassonvillei:67121-68652(+),1531,1106
Escherichia_coli:3425243-3426781(-),1538,Olsenella_uli:159961-161472(+),1511,1004
Escherichia_coli:3425243-3426781(-),1538,Pseudomonas_stutzeri:2121788-2123320(+),1532,876
Escherichia_coli:3425243-3426781(-),1538,Salmonella_bongori:3998147-3999685(+),1538,37
Escherichia_coli:3425243-3426781(-),1538,Salmonella_enterica:3693493-3695031(-),1538,28
Escherichia_coli:3425243-3426781(-),1538,Segniliparus_rotundus:687290-688803(+),1513,974
Escherichia_coli:3425243-3426781(-),1538,Spirochaeta_smaragdinae:3456588-3458127(-),1539,1016
Escherichia_coli:3425243-3426781(-),1538,Streptococcus_pyogenes:17069-18614(+),1545,722
Escherichia_coli:3425243-3426781(-),1538,Terriglobus_roseus:924357-925855(+),1498,1024
Escherichia_coli:3425243-3426781(-),1538,Thermobacillus_composti:3749735-3751338(-),1603,810
Echinicola_vietnamensis:2105268-2106787(+),1519,Clostridium_perfringens:231435-232945(+),1510,1086
Echinicola_vietnamensis:2105268-2106787(+),1519,Clostridium_thermocellum:3427587-3429113(+),1526,975
Echinicola_vietnamensis:2105268-2106787(+),1519,Coraliomargarita_akajimensis:1561357-1562908(-),1551,986
Echinicola_vietnamensis:2105268-2106787(+),1519,Corynebacterium_glutamicum:1479364-1480885(+),1521,1011
Echinicola_vietnamensis:2105268-2106787(+),1519,Desulfosporosinus_acidiphilus:833160-834726(+),1566,935
Echinicola_vietnamensis:2105268-2106787(+),1519,Desulfosporosinus_meridiei:945380-946945(+),1565,919
Echinicola_vietnamensis:2105268-2106787(+),1519,Desulfotomaculum_gibsoniae:1268173-1269702(+),1529,996
Echinicola_vietnamensis:2105268-2106787(+),1519,Escherichia_coli:3425243-3426781(-),1538,951
Echinicola_vietnamensis:2105268-2106787(+),1519,Echinicola_vietnamensis:2105268-2106787(+),1519,0
Echinicola_vietnamensis:2105268-2106787(+),1519,Fervidobacterium_pennivorans:278157-279662(+),1505,1004
Echinicola_vietnamensis:2105268-2106787(+),1519,Frateuria_aurantia:44108-45649(+),1541,918
Echinicola_vietnamensis:2105268-2106787(+),1519,Halovivax_ruber:198297-199763(+),1466,981
Echinicola_vietnamensis:2105268-2106787(+),1519,Hirschia_baltica:691825-693271(+),1446,890
Echinicola_vietnamensis:2105268-2106787(+),1519,Meiothermus_silvanus:3154468-3155958(+),1490,990
Echinicola_vietnamensis:2105268-2106787(+),1519,Natronobacterium_gregoryi:1332969-1334433(-),1464,979
Echinicola_vietnamensis:2105268-2106787(+),1519,Natronococcus_occultus:1284986-1286450(+),1464,979
Echinicola_vietnamensis:2105268-2106787(+),1519,Nocardiopsis_dassonvillei:67121-68652(+),1531,998
Echinicola_vietnamensis:2105268-2106787(+),1519,Olsenella_uli:159961-161472(+),1511,971
Echinicola_vietnamensis:2105268-2106787(+),1519,Pseudomonas_stutzeri:2121788-2123320(+),1532,953
Echinicola_vietnamensis:2105268-2106787(+),1519,Salmonella_bongori:3998147-3999685(+),1538,958
Echinicola_vietnamensis:2105268-2106787(+),1519,Salmonella_enterica:3693493-3695031(-),1538,961
Echinicola_vietnamensis:2105268-2106787(+),1519,Segniliparus_rotundus:687290-688803(+),1513,1016
Echinicola_vietnamensis:2105268-2106787(+),1519,Spirochaeta_smaragdinae:3456588-3458127(-),1539,897
Echinicola_vietnamensis:2105268-2106787(+),1519,Streptococcus_pyogenes:17069-18614(+),1545,960
Echinicola_vietnamensis:2105268-2106787(+),1519,Terriglobus_roseus:924357-925855(+),1498,1030
Echinicola_vietnamensis:2105268-2106787(+),1519,Thermobacillus_composti:3749735-3751338(-),1603,939
Fervidobacterium_pennivorans:278157-279662(+),1505,Clostridium_perfringens:231435-232945(+),1510,1041
Fervidobacterium_pennivorans:278157-279662(+),1505,Clostridium_thermocellum:3427587-3429113(+),1526,910
Fervidobacterium_pennivorans:278157-279662(+),1505,Coraliomargarita_akajimensis:1561357-1562908(-),1551,922
Fervidobacterium_pennivorans:278157-279662(+),1505,Corynebacterium_glutamicum:1479364-1480885(+),1521,846
Fervidobacterium_pennivorans:278157-279662(+),1505,Desulfosporosinus_acidiphilus:833160-834726(+),1566,932
Fervidobacterium_pennivorans:278157-279662(+),1505,Desulfosporosinus_meridiei:945380-946945(+),1565,945
Fervidobacterium_pennivorans:278157-279662(+),1505,Desulfotomaculum_gibsoniae:1268173-1269702(+),1529,937
Fervidobacterium_pennivorans:278157-279662(+),1505,Escherichia_coli:3425243-3426781(-),1538,938
Fervidobacterium_pennivorans:278157-279662(+),1505,Echinicola_vietnamensis:2105268-2106787(+),1519,1004
Fervidobacterium_pennivorans:278157-279662(+),1505,Fervidobacterium_pennivorans:278157-279662(+),1505,0
Fervidobacterium_pennivorans:278157-279662(+),1505,Frateuria_aurantia:44108-45649(+),1541,939
Fervidobacterium_pennivorans:278157-279662(+),1505,Halovivax_ruber:198297-199763(+),1466,952
Fervidobacterium_pennivorans:278157-279662(+),1505,Hirschia_baltica:691825-693271(+),1446,902
Fervidobacterium_pennivorans:278157-279662(+),1505,Meiothermus_silvanus:3154468-3155958(+),1490,948
Fervidobacterium_pennivorans:278157-279662(+),1505,Natronobacterium_gregoryi:1332969-1334433(-),1464,974
Fervidobacterium_pennivorans:278157-279662(+),1505,Natronococcus_occultus:1284986-1286450(+),1464,953
Fervidobacterium_pennivorans:278157-279662(+),1505,Nocardiopsis_dassonvillei:67121-68652(+),1531,938
Fervidobacterium_pennivorans:278157-279662(+),1505,Olsenella_uli:159961-161472(+),1511,1047
Fervidobacterium_pennivorans:278157-279662(+),1505,Pseudomonas_stutzeri:2121788-2123320(+),1532,957
Fervidobacterium_pennivorans:278157-279662(+),1505,Salmonella_bongori:3998147-3999685(+),1538,940
Fervidobacterium_pennivorans:278157-279662(+),1505,Salmonella_enterica:3693493-3695031(-),1538,946
Fervidobacterium_pennivorans:278157-279662(+),1505,Segniliparus_rotundus:687290-688803(+),1513,901
Fervidobacterium_pennivorans:278157-279662(+),1505,Spirochaeta_smaragdinae:3456588-3458127(-),1539,993
Fervidobacterium_pennivorans:278157-279662(+),1505,Streptococcus_pyogenes:17069-18614(+),1545,994
Fervidobacterium_pennivorans:278157-279662(+),1505,Terriglobus_roseus:924357-925855(+),1498,1023
Fervidobacterium_pennivorans:278157-279662(+),1505,Thermobacillus_composti:3749735-3751338(-),1603,946
Frateuria_aurantia:44108-45649(+),1541,Clostridium_perfringens:231435-232945(+),1510,948
Frateuria_aurantia:44108-45649(+),1541,Clostridium_thermocellum:3427587-3429113(+),1526,686
Frateuria_aurantia:44108-45649(+),1541,Coraliomargarita_akajimensis:1561357-1562908(-),1551,1098
Frateuria_aurantia:44108-45649(+),1541,Corynebacterium_glutamicum:1479364-1480885(+),1521,923
Frateuria_aurantia:44108-45649(+),1541,Desulfosporosinus_acidiphilus:833160-834726(+),1566,850
Frateuria_aurantia:44108-45649(+),1541,Desulfosporosinus_meridiei:945380-946945(+),1565,849
Frateuria_aurantia:44108-45649(+),1541,Desulfotomaculum_gibsoniae:1268173-1269702(+),1529,946
Frateuria_aurantia:44108-45649(+),1541,Escherichia_coli:3425243-3426781(-),1538,982
Frateuria_aurantia:44108-45649(+),1541,Echinicola_vietnamensis:2105268-2106787(+),1519,918
Frateuria_aurantia:44108-45649(+),1541,Fervidobacterium_pennivorans:278157-279662(+),1505,939
Frateuria_aurantia:44108-45649(+),1541,Frateuria_aurantia:44108-45649(+),1541,0
Frateuria_aurantia:44108-45649(+),1541,Halovivax_ruber:198297-199763(+),1466,1010
Frateuria_aurantia:44108-45649(+),1541,Hirschia_baltica:691825-693271(+),1446,902
Frateuria_aurantia:44108-45649(+),1541,Meiothermus_silvanus:3154468-3155958(+),1490,850
Frateuria_aurantia:44108-45649(+),1541,Natronobacterium_gregoryi:1332969-1334433(-),1464,1019
Frateuria_aurantia:44108-45649(+),1541,Natronococcus_occultus:1284986-1286450(+),1464,1010
Frateuria_aurantia:44108-45649(+),1541,Nocardiopsis_dassonvillei:67121-68652(+),1531,985
Frateuria_aurantia:44108-45649(+),1541,Olsenella_uli:159961-161472(+),1511,973
Frateuria_aurantia:44108-45649(+),1541,Pseudomonas_stutzeri:2121788-2123320(+),1532,703
Frateuria_aurantia:44108-45649(+),1541,Salmonella_bongori:3998147-3999685(+),1538,973
Frateuria_aurantia:44108-45649(+),1541,Salmonella_enterica:3693493-3695031(-),1538,980
Frateuria_aurantia:44108-45649(+),1541,Segniliparus_rotundus:687290-688803(+),1513,874
Frateuria_aurantia:44108-45649(+),1541,Spirochaeta_smaragdinae:3456588-3458127(-),1539,1068
Frateuria_aurantia:44108-45649(+),1541,Streptococcus_pyogenes:17069-18614(+),1545,971
Frateuria_aurantia:44108-45649(+),1541,Terriglobus_roseus:924357-925855(+),1498,779
Frateuria_aurantia:44108-45649(+),1541,Thermobacillus_composti:3749735-3751338(-),1603,678
Halovivax_ruber:198297-199763(+),1466,Clostridium_perfringens:231435-232945(+),1510,977
Halovivax_ruber:198297-199763(+),1466,Clostridium_thermocellum:3427587-3429113(+),1526,1008
Halovivax_ruber:198297-199763(+),1466,Coraliomargarita_akajimensis:1561357-1562908(-),1551,983
Halovivax_ruber:198297-199763(+),1466,Corynebacterium_glutamicum:1479364-1480885(+),1521,937
Halovivax_ruber:198297-199763(+),1466,Desulfosporosinus_acidiphilus:833160-834726(+),1566,946
Halovivax_ruber:198297-199763(+),1466,Desulfosporosinus_meridiei:945380-946945(+),1565,963
Halovivax_ruber:198297-199763(+),1466,Desulfotomaculum_gibsoniae:1268173-1269702(+),1529,941
Halovivax_ruber:198297-199763(+),1466,Escherichia_coli:3425243-3426781(-),1538,948
Halovivax_ruber:198297-199763(+),1466,Echinicola_vietnamensis:2105268-2106787(+),1519,981
Halovivax_ruber:198297-199763(+),1466,Fervidobacterium_pennivorans:278157-279662(+),1505,952
Halovivax_ruber:198297-199763(+),1466,Frateuria_aurantia:44108-45649(+),1541,1010
Halovivax_ruber:198297-199763(+),1466,Halovivax_ruber:198297-199763(+),1466,0
Halovivax_ruber:198297-199763(+),1466,Hirschia_baltica:691825-693271(+),1446,1009
Halovivax_ruber:198297-199763(+),1466,Meiothermus_silvanus:3154468-3155958(+),1490,991
Halovivax_ruber:198297-199763(+),1466,Natronobacterium_gregoryi:1332969-1334433(-),1464,205
Halovivax_ruber:198297-199763(+),1466,Natronococcus_occultus:1284986-1286450(+),1464,145
Halovivax_ruber:198297-199763(+),1466,Nocardiopsis_dassonvillei:67121-68652(+),1531,963
Halovivax_ruber:198297-199763(+),1466,Olsenella_uli:159961-161472(+),1511,996
Halovivax_ruber:198297-199763(+),1466,Pseudomonas_stutzeri:2121788-2123320(+),1532,970
Halovivax_ruber:198297-199763(+),1466,Salmonella_bongori:3998147-3999685(+),1538,949
Halovivax_ruber:198297-199763(+),1466,Salmonella_enterica:3693493-3695031(-),1538,956
Halovivax_ruber:198297-199763(+),1466,Segniliparus_rotundus:687290-688803(+),1513,998
Halovivax_ruber:198297-199763(+),1466,Spirochaeta_smaragdinae:3456588-3458127(-),1539,945
Halovivax_ruber:198297-199763(+),1466,Streptococcus_pyogenes:17069-18614(+),1545,967
Halovivax_ruber:198297-199763(+),1466,Terriglobus_roseus:924357-925855(+),1498,961
Halovivax_ruber:198297-199763(+),1466,Thermobacillus_composti:3749735-3751338(-),1603,965
Hirschia_baltica:691825-693271(+),1446,Clostridium_perfringens:231435-232945(+),1510,651
Hirschia_baltica:691825-693271(+),1446,Clostridium_thermocellum:3427587-3429113(+),1526,867
Hirschia_baltica:691825-693271(+),1446,Coraliomargarita_akajimensis:1561357-1562908(-),1551,895
Hirschia_baltica:691825-693271(+),1446,Corynebacterium_glutamicum:1479364-1480885(+),1521,949
Hirschia_baltica:691825-693271(+),1446,Desulfosporosinus_acidiphilus:833160-834726(+),1566,896
Hirschia_baltica:691825-693271(+),1446,Desulfosporosinus_meridiei:945380-946945(+),1565,899
Hirschia_baltica:691825-693271(+),1446,Desulfotomaculum_gibsoniae:1268173-1269702(+),1529,889
Hirschia_baltica:691825-693271(+),1446,Escherichia_coli:3425243-3426781(-),1538,877
Hirschia_baltica:691825-693271(+),1446,Echinicola_vietnamensis:2105268-2106787(+),1519,890
Hirschia_baltica:691825-693271(+),1446,Fervidobacterium_pennivorans:278157-279662(+),1505,902
Hirschia_baltica:691825-693271(+),1446,Frateuria_aurantia:44108-45649(+),1541,902
Hirschia_baltica:691825-693271(+),1446,Halovivax_ruber:198297-199763(+),1466,1009
Hirschia_baltica:691825-693271(+),1446,Hirschia_baltica:691825-693271(+),1446,0
Hirschia_baltica:691825-693271(+),1446,Meiothermus_silvanus:3154468-3155958(+),1490,865
Hirschia_baltica:691825-693271(+),1446,Natronobacterium_gregoryi:1332969-1334433(-),1464,1004
Hirschia_baltica:691825-693271(+),1446,Natronococcus_occultus:1284986-1286450(+),1464,1016
Hirschia_baltica:691825-693271(+),1446,Nocardiopsis_dassonvillei:67121-68652(+),1531,879
Hirschia_baltica:691825-693271(+),1446,Olsenella_uli:159961-161472(+),1511,917
Hirschia_baltica:691825-693271(+),1446,Pseudomonas_stutzeri:2121788-2123320(+),1532,900
Hirschia_baltica:691825-693271(+),1446,Salmonella_bongori:3998147-3999685(+),1538,882
Hirschia_baltica:691825-693271(+),1446,Salmonella_enterica:3693493-3695031(-),1538,880
Hirschia_baltica:691825-693271(+),1446,Segniliparus_rotundus:687290-688803(+),1513,891
Hirschia_baltica:691825-693271(+),1446,Spirochaeta_smaragdinae:3456588-3458127(-),1539,883
Hirschia_baltica:691825-693271(+),1446,Streptococcus_pyogenes:17069-18614(+),1545,945
Hirschia_baltica:691825-693271(+),1446,Terriglobus_roseus:924357-925855(+),1498,785
Hirschia_baltica:691825-693271(+),1446,Thermobacillus_composti:3749735-3751338(-),1603,891
Meiothermus_silvanus:3154468-3155958(+),1490,Clostridium_perfringens:231435-232945(+),1510,903
Meiothermus_silvanus:3154468-3155958(+),1490,Clostridium_thermocellum:3427587-3429113(+),1526,928
Meiothermus_silvanus:3154468-3155958(+),1490,Coraliomargarita_akajimensis:1561357-1562908(-),1551,930
Meiothermus_silvanus:3154468-3155958(+),1490,Corynebacterium_glutamicum:1479364-1480885(+),1521,987
Meiothermus_silvanus:3154468-3155958(+),1490,Desulfosporosinus_acidiphilus:833160-834726(+),1566,928
Meiothermus_silvanus:3154468-3155958(+),1490,Desulfosporosinus_meridiei:945380-946945(+),1565,930
Meiothermus_silvanus:3154468-3155958(+),1490,Desulfotomaculum_gibsoniae:1268173-1269702(+),1529,948
Meiothermus_silvanus:3154468-3155958(+),1490,Escherichia_coli:3425243-3426781(-),1538,927
Meiothermus_silvanus:3154468-3155958(+),1490,Echinicola_vietnamensis:2105268-2106787(+),1519,990
Meiothermus_silvanus:3154468-3155958(+),1490,Fervidobacterium_pennivorans:278157-279662(+),1505,948
Meiothermus_silvanus:3154468-3155958(+),1490,Frateuria_aurantia:44108-45649(+),1541,850
Meiothermus_silvanus:3154468-3155958(+),1490,Halovivax_ruber:198297-199763(+),1466,991
Meiothermus_silvanus:3154468-3155958(+),1490,Hirschia_baltica:691825-693271(+),1446,865
Meiothermus_silvanus:3154468-3155958(+),1490,Meiothermus_silvanus:3154468-3155958(+),1490,0
Meiothermus_silvanus:3154468-3155958(+),1490,Natronobacterium_gregoryi:1332969-1334433(-),1464,998
Meiothermus_silvanus:3154468-3155958(+),1490,Natronococcus_occultus:1284986-1286450(+),1464,1001
Meiothermus_silvanus:3154468-3155958(+),1490,Nocardiopsis_dassonvillei:67121-68652(+),1531,887
Meiothermus_silvanus:3154468-3155958(+),1490,Olsenella_uli:159961-161472(+),1511,963
Meiothermus_silvanus:3154468-3155958(+),1490,Pseudomonas_stutzeri:2121788-2123320(+),1532,910
Meiothermus_silvanus:3154468-3155958(+),1490,Salmonella_bongori:3998147-3999685(+),1538,931
Meiothermus_silvanus:3154468-3155958(+),1490,Salmonella_enterica:3693493-3695031(-),1538,924
Meiothermus_silvanus:3154468-3155958(+),1490,Segniliparus_rotundus:687290-688803(+),1513,937
Meiothermus_silvanus:3154468-3155958(+),1490,Spirochaeta_smaragdinae:3456588-3458127(-),1539,916
Meiothermus_silvanus:3154468-3155958(+),1490,Streptococcus_pyogenes:17069-18614(+),1545,956
Meiothermus_silvanus:3154468-3155958(+),1490,Terriglobus_roseus:924357-925855(+),1498,944
Meiothermus_silvanus:3154468-3155958(+),1490,Thermobacillus_composti:3749735-3751338(-),1603,881
Natronobacterium_gregoryi:1332969-1334433(-),1464,Clostridium_perfringens:231435-232945(+),1510,980
Natronobacterium_gregoryi:1332969-1334433(-),1464,Clostridium_thermocellum:3427587-3429113(+),1526,997
Natronobacterium_gregoryi:1332969-1334433(-),1464,Coraliomargarita_akajimensis:1561357-1562908(-),1551,976
Natronobacterium_gregoryi:1332969-1334433(-),1464,Corynebacterium_glutamicum:1479364-1480885(+),1521,931
Natronobacterium_gregoryi:1332969-1334433(-),1464,Desulfosporosinus_acidiphilus:833160-834726(+),1566,937
Natronobacterium_gregoryi:1332969-1334433(-),1464,Desulfosporosinus_meridiei:945380-946945(+),1565,949
Natronobacterium_gregoryi:1332969-1334433(-),1464,Desulfotomaculum_gibsoniae:1268173-1269702(+),1529,964
Natronobacterium_gregoryi:1332969-1334433(-),1464,Escherichia_coli:3425243-3426781(-),1538,938
Natronobacterium_gregoryi:1332969-1334433(-),1464,Echinicola_vietnamensis:2105268-2106787(+),1519,979
Natronobacterium_gregoryi:1332969-1334433(-),1464,Fervidobacterium_pennivorans:278157-279662(+),1505,974
Natronobacterium_gregoryi:1332969-1334433(-),1464,Frateuria_aurantia:44108-45649(+),1541,1019
Natronobacterium_gregoryi:1332969-1334433(-),1464,Halovivax_ruber:198297-199763(+),1466,205
Natronobacterium_gregoryi:1332969-1334433(-),1464,Hirschia_baltica:691825-693271(+),1446,1004
Natronobacterium_gregoryi:1332969-1334433(-),1464,Meiothermus_silvanus:3154468-3155958(+),1490,998
Natronobacterium_gregoryi:1332969-1334433(-),1464,Natronobacterium_gregoryi:1332969-1334433(-),1464,0
Natronobacterium_gregoryi:1332969-1334433(-),1464,Natronococcus_occultus:1284986-1286450(+),1464,966
Natronobacterium_gregoryi:1332969-1334433(-),1464,Nocardiopsis_dassonvillei:67121-68652(+),1531,962
Natronobacterium_gregoryi:1332969-1334433(-),1464,Olsenella_uli:159961-161472(+),1511,990
Natronobacterium_gregoryi:1332969-1334433(-),1464,Pseudomonas_stutzeri:2121788-2123320(+),1532,972
Natronobacterium_gregoryi:1332969-1334433(-),1464,Salmonella_bongori:3998147-3999685(+),1538,942
Natronobacterium_gregoryi:1332969-1334433(-),1464,Salmonella_enterica:3693493-3695031(-),1538,946
Natronobacterium_gregoryi:1332969-1334433(-),1464,Segniliparus_rotundus:687290-688803(+),1513,988
Natronobacterium_gregoryi:1332969-1334433(-),1464,Spirochaeta_smaragdinae:3456588-3458127(-),1539,933
Natronobacterium_gregoryi:1332969-1334433(-),1464,Streptococcus_pyogenes:17069-18614(+),1545,971
Natronobacterium_gregoryi:1332969-1334433(-),1464,Terriglobus_roseus:924357-925855(+),1498,956
Natronobacterium_gregoryi:1332969-1334433(-),1464,Thermobacillus_composti:3749735-3751338(-),1603,965
Natronococcus_occultus:1284986-1286450(+),1464,Clostridium_perfringens:231435-232945(+),1510,983
Natronococcus_occultus:1284986-1286450(+),1464,Clostridium_thermocellum:3427587-3429113(+),1526,1011
Natronococcus_occultus:1284986-1286450(+),1464,Coraliomargarita_akajimensis:1561357-1562908(-),1551,990
Natronococcus_occultus:1284986-1286450(+),1464,Corynebacterium_glutamicum:1479364-1480885(+),1521,935
Natronococcus_occultus:1284986-1286450(+),1464,Desulfosporosinus_acidiphilus:833160-834726(+),1566,935
Natronococcus_occultus:1284986-1286450(+),1464,Desulfosporosinus_meridiei:945380-946945(+),1565,946
Natronococcus_occultus:1284986-1286450(+),1464,Desulfotomaculum_gibsoniae:1268173-1269702(+),1529,947
Natronococcus_occultus:1284986-1286450(+),1464,Escherichia_coli:3425243-3426781(-),1538,950
Natronococcus_occultus:1284986-1286450(+),1464,Echinicola_vietnamensis:2105268-2106787(+),1519,979
Natronococcus_occultus:1284986-1286450(+),1464,Fervidobacterium_pennivorans:278157-279662(+),1505,953
Natronococcus_occultus:1284986-1286450(+),1464,Frateuria_aurantia:44108-45649(+),1541,1010
Natronococcus_occultus:1284986-1286450(+),1464,Halovivax_ruber:198297-199763(+),1466,145
Natronococcus_occultus:1284986-1286450(+),1464,Hirschia_baltica:691825-693271(+),1446,1016
Natronococcus_occultus:1284986-1286450(+),1464,Meiothermus_silvanus:3154468-3155958(+),1490,1001
Natronococcus_occultus:1284986-1286450(+),1464,Natronobacterium_gregoryi:1332969-1334433(-),1464,966
Natronococcus_occultus:1284986-1286450(+),1464,Natronococcus_occultus:1284986-1286450(+),1464,0
Natronococcus_occultus:1284986-1286450(+),1464,Nocardiopsis_dassonvillei:67121-68652(+),1531,957
Natronococcus_occultus:1284986-1286450(+),1464,Olsenella_uli:159961-161472(+),1511,995
Natronococcus_occultus:1284986-1286450(+),1464,Pseudomonas_stutzeri:2121788-2123320(+),1532,982
Natronococcus_occultus:1284986-1286450(+),1464,Salmonella_bongori:3998147-3999685(+),1538,950
Natronococcus_occultus:1284986-1286450(+),1464,Salmonella_enterica:3693493-3695031(-),1538,956
Natronococcus_occultus:1284986-1286450(+),1464,Segniliparus_rotundus:687290-688803(+),1513,994
Natronococcus_occultus:1284986-1286450(+),1464,Spirochaeta_smaragdinae:3456588-3458127(-),1539,945
Natronococcus_occultus:1284986-1286450(+),1464,Streptococcus_pyogenes:17069-18614(+),1545,972
Natronococcus_occultus:1284986-1286450(+),1464,Terriglobus_roseus:924357-925855(+),1498,956
Natronococcus_occultus:1284986-1286450(+),1464,Thermobacillus_composti:3749735-3751338(-),1603,969
Nocardiopsis_dassonvillei:67121-68652(+),1531,Clostridium_perfringens:231435-232945(+),1510,927
Nocardiopsis_dassonvillei:67121-68652(+),1531,Clostridium_thermocellum:3427587-3429113(+),1526,770
Nocardiopsis_dassonvillei:67121-68652(+),1531,Coraliomargarita_akajimensis:1561357-1562908(-),1551,1088
Nocardiopsis_dassonvillei:67121-68652(+),1531,Corynebacterium_glutamicum:1479364-1480885(+),1521,859
Nocardiopsis_dassonvillei:67121-68652(+),1531,Desulfosporosinus_acidiphilus:833160-834726(+),1566,772
Nocardiopsis_dassonvillei:67121-68652(+),1531,Desulfosporosinus_meridiei:945380-946945(+),1565,776
Nocardiopsis_dassonvillei:67121-68652(+),1531,Desulfotomaculum_gibsoniae:1268173-1269702(+),1529,803
Nocardiopsis_dassonvillei:67121-68652(+),1531,Escherichia_coli:3425243-3426781(-),1538,1106
Nocardiopsis_dassonvillei:67121-68652(+),1531,Echinicola_vietnamensis:2105268-2106787(+),1519,998
Nocardiopsis_dassonvillei:67121-68652(+),1531,Fervidobacterium_pennivorans:278157-279662(+),1505,938
Nocardiopsis_dassonvillei:67121-68652(+),1531,Frateuria_aurantia:44108-45649(+),1541,985
Nocardiopsis_dassonvillei:67121-68652(+),1531,Halovivax_ruber:198297-199763(+),1466,963
Nocardiopsis_dassonvillei:67121-68652(+),1531,Hirschia_baltica:691825-693271(+),1446,879
Nocardiopsis_dassonvillei:67121-68652(+),1531,Meiothermus_silvanus:3154468-3155958(+),1490,887
Nocardiopsis_dassonvillei:67121-68652(+),1531,Natronobacterium_gregoryi:1332969-1334433(-),1464,962
Nocardiopsis_dassonvillei:67121-68652(+),1531,Natronococcus_occultus:1284986-1286450(+),1464,957
Nocardiopsis_dassonvillei:67121-68652(+),1531,Nocardiopsis_dassonvillei:67121-68652(+),1531,0
Nocardiopsis_dassonvillei:67121-68652(+),1531,Olsenella_uli:159961-161472(+),1511,1011
Nocardiopsis_dassonvillei:67121-68652(+),1531,Pseudomonas_stutzeri:2121788-2123320(+),1532,1019
Nocardiopsis_dassonvillei:67121-68652(+),1531,Salmonella_bongori:3998147-3999685(+),1538,1104
Nocardiopsis_dassonvillei:67121-68652(+),1531,Salmonella_enterica:3693493-3695031(-),1538,1107
Nocardiopsis_dassonvillei:67121-68652(+),1531,Segniliparus_rotundus:687290-688803(+),1513,754
Nocardiopsis_dassonvillei:67121-68652(+),1531,Spirochaeta_smaragdinae:3456588-3458127(-),1539,1070
Nocardiopsis_dassonvillei:67121-68652(+),1531,Streptococcus_pyogenes:17069-18614(+),1545,1006
Nocardiopsis_dassonvillei:67121-68652(+),1531,Terriglobus_roseus:924357-925855(+),1498,750
Nocardiopsis_dassonvillei:67121-68652(+),1531,Thermobacillus_composti:3749735-3751338(-),1603,799
Olsenella_uli:159961-161472(+),1511,Clostridium_perfringens:231435-232945(+),1510,1092
Olsenella_uli:159961-161472(+),1511,Clostridium_thermocellum:3427587-3429113(+),1526,890
Olsenella_uli:159961-161472(+),1511,Coraliomargarita_akajimensis:1561357-1562908(-),1551,1002
Olsenella_uli:159961-161472(+),1511,Corynebacterium_glutamicum:1479364-1480885(+),1521,827
Olsenella_uli:159961-161472(+),1511,Desulfosporosinus_acidiphilus:833160-834726(+),1566,988
Olsenella_uli:159961-161472(+),1511,Desulfosporosinus_meridiei:945380-946945(+),1565,991
Olsenella_uli:159961-161472(+),1511,Desulfotomaculum_gibsoniae:1268173-1269702(+),1529,903
Olsenella_uli:159961-161472(+),1511,Escherichia_coli:3425243-3426781(-),1538,1004
Olsenella_uli:159961-161472(+),1511,Echinicola_vietnamensis:2105268-2106787(+),1519,971
Olsenella_uli:159961-161472(+),1511,Fervidobacterium_pennivorans:278157-279662(+),1505,1047
Olsenella_uli:159961-161472(+),1511,Frateuria_aurantia:44108-45649(+),1541,973
Olsenella_uli:159961-161472(+),1511,Halovivax_ruber:198297-199763(+),1466,996
Olsenella_uli:159961-161472(+),1511,Hirschia_baltica:691825-693271(+),1446,917
Olsenella_uli:159961-161472(+),1511,Meiothermus_silvanus:3154468-3155958(+),1490,963
Olsenella_uli:159961-161472(+),1511,Natronobacterium_gregoryi:1332969-1334433(-),1464,990
Olsenella_uli:159961-161472(+),1511,Natronococcus_occultus:1284986-1286450(+),1464,995
Olsenella_uli:159961-161472(+),1511,Nocardiopsis_dassonvillei:67121-68652(+),1531,1011
Olsenella_uli:159961-161472(+),1511,Olsenella_uli:159961-161472(+),1511,0
Olsenella_uli:159961-161472(+),1511,Pseudomonas_stutzeri:2121788-2123320(+),1532,1019
Olsenella_uli:159961-161472(+),1511,Salmonella_bongori:3998147-3999685(+),1538,1005
Olsenella_uli:159961-161472(+),1511,Salmonella_enterica:3693493-3695031(-),1538,1007
Olsenella_uli:159961-161472(+),1511,Segniliparus_rotundus:687290-688803(+),1513,1007
Olsenella_uli:159961-161472(+),1511,Spirochaeta_smaragdinae:3456588-3458127(-),1539,920
Olsenella_uli:159961-161472(+),1511,Streptococcus_pyogenes:17069-18614(+),1545,921
Olsenella_uli:159961-161472(+),1511,Terriglobus_roseus:924357-925855(+),1498,908
Olsenella_uli:159961-161472(+),1511,Thermobacillus_composti:3749735-3751338(-),1603,975
Pseudomonas_stutzeri:2121788-2123320(+),1532,Clostridium_perfringens:231435-232945(+),1510,948
Pseudomonas_stutzeri:2121788-2123320(+),1532,Clostridium_thermocellum:3427587-3429113(+),1526,881
Pseudomonas_stutzeri:2121788-2123320(+),1532,Coraliomargarita_akajimensis:1561357-1562908(-),1551,928
Pseudomonas_stutzeri:2121788-2123320(+),1532,Corynebacterium_glutamicum:1479364-1480885(+),1521,1097
Pseudomonas_stutzeri:2121788-2123320(+),1532,Desulfosporosinus_acidiphilus:833160-834726(+),1566,895
Pseudomonas_stutzeri:2121788-2123320(+),1532,Desulfosporosinus_meridiei:945380-946945(+),1565,907
Pseudomonas_stutzeri:2121788-2123320(+),1532,Desulfotomaculum_gibsoniae:1268173-1269702(+),1529,1127
Pseudomonas_stutzeri:2121788-2123320(+),1532,Escherichia_coli:3425243-3426781(-),1538,876
Pseudomonas_stutzeri:2121788-2123320(+),1532,Echinicola_vietnamensis:2105268-2106787(+),1519,953
Pseudomonas_stutzeri:2121788-2123320(+),1532,Fervidobacterium_pennivorans:278157-279662(+),1505,957
Pseudomonas_stutzeri:2121788-2123320(+),1532,Frateuria_aurantia:44108-45649(+),1541,703
Pseudomonas_stutzeri:2121788-2123320(+),1532,Halovivax_ruber:198297-199763(+),1466,970
Pseudomonas_stutzeri:2121788-2123320(+),1532,Hirschia_baltica:691825-693271(+),1446,900
Pseudomonas_stutzeri:2121788-2123320(+),1532,Meiothermus_silvanus:3154468-3155958(+),1490,910
Pseudomonas_stutzeri:2121788-2123320(+),1532,Natronobacterium_gregoryi:1332969-1334433(-),1464,972
Pseudomonas_stutzeri:2121788-2123320(+),1532,Natronococcus_occultus:1284986-1286450(+),1464,982
Pseudomonas_stutzeri:2121788-2123320(+),1532,Nocardiopsis_dassonvillei:67121-68652(+),1531,1019
Pseudomonas_stutzeri:2121788-2123320(+),1532,Olsenella_uli:159961-161472(+),1511,1019
Pseudomonas_stutzeri:2121788-2123320(+),1532,Pseudomonas_stutzeri:2121788-2123320(+),1532,0
Pseudomonas_stutzeri:2121788-2123320(+),1532,Salmonella_bongori:3998147-3999685(+),1538,878
Pseudomonas_stutzeri:2121788-2123320(+),1532,Salmonella_enterica:3693493-3695031(-),1538,879
Pseudomonas_stutzeri:2121788-2123320(+),1532,Segniliparus_rotundus:687290-688803(+),1513,962
Pseudomonas_stutzeri:2121788-2123320(+),1532,Spirochaeta_smaragdinae:3456588-3458127(-),1539,950
Pseudomonas_stutzeri:2121788-2123320(+),1532,Streptococcus_pyogenes:17069-18614(+),1545,853
Pseudomonas_stutzeri:2121788-2123320(+),1532,Terriglobus_roseus:924357-925855(+),1498,1011
Pseudomonas_stutzeri:2121788-2123320(+),1532,Thermobacillus_composti:3749735-3751338(-),1603,829
Salmonella_bongori:3998147-3999685(+),1538,Clostridium_perfringens:231435-232945(+),1510,927
Salmonella_bongori:3998147-3999685(+),1538,Clostridium_thermocellum:3427587-3429113(+),1526,1061
Salmonella_bongori:3998147-3999685(+),1538,Coraliomargarita_akajimensis:1561357-1562908(-),1551,969
Salmonella_bongori:3998147-3999685(+),1538,Corynebacterium_glutamicum:1479364-1480885(+),1521,999
Salmonella_bongori:3998147-3999685(+),1538,Desulfosporosinus_acidiphilus:833160-834726(+),1566,936
Salmonella_bongori:3998147-3999685(+),1538,Desulfosporosinus_meridiei:945380-946945(+),1565,933
Salmonella_bongori:3998147-3999685(+),1538,Desulfotomaculum_gibsoniae:1268173-1269702(+),1529,1134
Salmonella_bongori:3998147-3999685(+),1538,Escherichia_coli:3425243-3426781(-),1538,37
Salmonella_bongori:3998147-3999685(+),1538,Echinicola_vietnamensis:2105268-2106787(+),1519,958
Salmonella_bongori:3998147-3999685(+),1538,Fervidobacterium_pennivorans:278157-279662(+),1505,940
Salmonella_bongori:3998147-3999685(+),1538,Frateuria_aurantia:44108-45649(+),1541,973
Salmonella_bongori:3998147-3999685(+),1538,Halovivax_ruber:198297-199763(+),1466,949
Salmonella_bongori:3998147-3999685(+),1538,Hirschia_baltica:691825-693271(+),1446,882
Salmonella_bongori:3998147-3999685(+),1538,Meiothermus_silvanus:3154468-3155958(+),1490,931
Salmonella_bongori:3998147-3999685(+),1538,Natronobacterium_gregoryi:1332969-1334433(-),1464,942
Salmonella_bongori:3998147-3999685(+),1538,Natronococcus_occultus:1284986-1286450(+),1464,950
Salmonella_bongori:3998147-3999685(+),1538,Nocardiopsis_dassonvillei:67121-68652(+),1531,1104
Salmonella_bongori:3998147-3999685(+),1538,Olsenella_uli:159961-161472(+),1511,1005
Salmonella_bongori:3998147-3999685(+),1538,Pseudomonas_stutzeri:2121788-2123320(+),1532,878
Salmonella_bongori:3998147-3999685(+),1538,Salmonella_bongori:3998147-3999685(+),1538,0
Salmonella_bongori:3998147-3999685(+),1538,Salmonella_enterica:3693493-3695031(-),1538,31
Salmonella_bongori:3998147-3999685(+),1538,Segniliparus_rotundus:687290-688803(+),1513,966
Salmonella_bongori:3998147-3999685(+),1538,Spirochaeta_smaragdinae:3456588-3458127(-),1539,1012
Salmonella_bongori:3998147-3999685(+),1538,Streptococcus_pyogenes:17069-18614(+),1545,716
Salmonella_bongori:3998147-3999685(+),1538,Terriglobus_roseus:924357-925855(+),1498,1022
Salmonella_bongori:3998147-3999685(+),1538,Thermobacillus_composti:3749735-3751338(-),1603,809
Salmonella_enterica:3693493-3695031(-),1538,Clostridium_perfringens:231435-232945(+),1510,925
Salmonella_enterica:3693493-3695031(-),1538,Clostridium_thermocellum:3427587-3429113(+),1526,1067
Salmonella_enterica:3693493-3695031(-),1538,Coraliomargarita_akajimensis:1561357-1562908(-),1551,970
Salmonella_enterica:3693493-3695031(-),1538,Corynebacterium_glutamicum:1479364-1480885(+),1521,996
Salmonella_enterica:3693493-3695031(-),1538,Desulfosporosinus_acidiphilus:833160-834726(+),1566,939
Salmonella_enterica:3693493-3695031(-),1538,Desulfosporosinus_meridiei:945380-946945(+),1565,936
Salmonella_enterica:3693493-3695031(-),1538,Desulfotomaculum_gibsoniae:1268173-1269702(+),1529,1133
Salmonella_enterica:3693493-3695031(-),1538,Escherichia_coli:3425243-3426781(-),1538,28
Salmonella_enterica:3693493-3695031(-),1538,Echinicola_vietnamensis:2105268-2106787(+),1519,961
Salmonella_enterica:3693493-3695031(-),1538,Fervidobacterium_pennivorans:278157-279662(+),1505,946
Salmonella_enterica:3693493-3695031(-),1538,Frateuria_aurantia:44108-45649(+),1541,980
Salmonella_enterica:3693493-3695031(-),1538,Halovivax_ruber:198297-199763(+),1466,956
Salmonella_enterica:3693493-3695031(-),1538,Hirschia_baltica:691825-693271(+),1446,880
Salmonella_enterica:3693493-3695031(-),1538,Meiothermus_silvanus:3154468-3155958(+),1490,924
Salmonella_enterica:3693493-3695031(-),1538,Natronobacterium_gregoryi:1332969-1334433(-),1464,946
Salmonella_enterica:3693493-3695031(-),1538,Natronococcus_occultus:1284986-1286450(+),1464,956
Salmonella_enterica:3693493-3695031(-),1538,Nocardiopsis_dassonvillei:67121-68652(+),1531,1107
Salmonella_enterica:3693493-3695031(-),1538,Olsenella_uli:159961-161472(+),1511,1007
Salmonella_enterica:3693493-3695031(-),1538,Pseudomonas_stutzeri:2121788-2123320(+),1532,879
Salmonella_enterica:3693493-3695031(-),1538,Salmonella_bongori:3998147-3999685(+),1538,31
Salmonella_enterica:3693493-3695031(-),1538,Salmonella_enterica:3693493-3695031(-),1538,0
Salmonella_enterica:3693493-3695031(-),1538,Segniliparus_rotundus:687290-688803(+),1513,972
Salmonella_enterica:3693493-3695031(-),1538,Spirochaeta_smaragdinae:3456588-3458127(-),1539,1018
Salmonella_enterica:3693493-3695031(-),1538,Streptococcus_pyogenes:17069-18614(+),1545,718
Salmonella_enterica:3693493-3695031(-),1538,Terriglobus_roseus:924357-925855(+),1498,1018
Salmonella_enterica:3693493-3695031(-),1538,Thermobacillus_composti:3749735-3751338(-),1603,811
Segniliparus_rotundus:687290-688803(+),1513,Clostridium_perfringens:231435-232945(+),1510,878
Segniliparus_rotundus:687290-688803(+),1513,Clostridium_thermocellum:3427587-3429113(+),1526,1039
Segniliparus_rotundus:687290-688803(+),1513,Coraliomargarita_akajimensis:1561357-1562908(-),1551,1003
Segniliparus_rotundus:687290-688803(+),1513,Corynebacterium_glutamicum:1479364-1480885(+),1521,555
Segniliparus_rotundus:687290-688803(+),1513,Desulfosporosinus_acidiphilus:833160-834726(+),1566,892
Segniliparus_rotundus:687290-688803(+),1513,Desulfosporosinus_meridiei:945380-946945(+),1565,890
Segniliparus_rotundus:687290-688803(+),1513,Desulfotomaculum_gibsoniae:1268173-1269702(+),1529,929
Segniliparus_rotundus:687290-688803(+),1513,Escherichia_coli:3425243-3426781(-),1538,974
Segniliparus_rotundus:687290-688803(+),1513,Echinicola_vietnamensis:2105268-2106787(+),1519,1016
Segniliparus_rotundus:687290-688803(+),1513,Fervidobacterium_pennivorans:278157-279662(+),1505,901
Segniliparus_rotundus:687290-688803(+),1513,Frateuria_aurantia:44108-45649(+),1541,874
Segniliparus_rotundus:687290-688803(+),1513,Halovivax_ruber:198297-199763(+),1466,998
Segniliparus_rotundus:687290-688803(+),1513,Hirschia_baltica:691825-693271(+),1446,891
Segniliparus_rotundus:687290-688803(+),1513,Meiothermus_silvanus:3154468-3155958(+),1490,937
Segniliparus_rotundus:687290-688803(+),1513,Natronobacterium_gregoryi:1332969-1334433(-),1464,988
Segniliparus_rotundus:687290-688803(+),1513,Natronococcus_occultus:1284986-1286450(+),1464,994
Segniliparus_rotundus:687290-688803(+),1513,Nocardiopsis_dassonvillei:67121-68652(+),1531,754
Segniliparus_rotundus:687290-688803(+),1513,Olsenella_uli:159961-161472(+),1511,1007
Segniliparus_rotundus:687290-688803(+),1513,Pseudomonas_stutzeri:2121788-2123320(+),1532,962
Segniliparus_rotundus:687290-688803(+),1513,Salmonella_bongori:3998147-3999685(+),1538,966
Segniliparus_rotundus:687290-688803(+),1513,Salmonella_enterica:3693493-3695031(-),1538,972
Segniliparus_rotundus:687290-688803(+),1513,Segniliparus_rotundus:687290-688803(+),1513,0
Segniliparus_rotundus:687290-688803(+),1513,Spirochaeta_smaragdinae:3456588-3458127(-),1539,920
Segniliparus_rotundus:687290-688803(+),1513,Streptococcus_pyogenes:17069-18614(+),1545,981
Segniliparus_rotundus:687290-688803(+),1513,Terriglobus_roseus:924357-925855(+),1498,762
Segniliparus_rotundus:687290-688803(+),1513,Thermobacillus_composti:3749735-3751338(-),1603,937
Spirochaeta_smaragdinae:3456588-3458127(-),1539,Clostridium_perfringens:231435-232945(+),1510,870
Spirochaeta_smaragdinae:3456588-3458127(-),1539,Clostridium_thermocellum:3427587-3429113(+),1526,968
Spirochaeta_smaragdinae:3456588-3458127(-),1539,Coraliomargarita_akajimensis:1561357-1562908(-),1551,990
Spirochaeta_smaragdinae:3456588-3458127(-),1539,Corynebacterium_glutamicum:1479364-1480885(+),1521,960
Spirochaeta_smaragdinae:3456588-3458127(-),1539,Desulfosporosinus_acidiphilus:833160-834726(+),1566,889
Spirochaeta_smaragdinae:3456588-3458127(-),1539,Desulfosporosinus_meridiei:945380-946945(+),1565,907
Spirochaeta_smaragdinae:3456588-3458127(-),1539,Desulfotomaculum_gibsoniae:1268173-1269702(+),1529,977
Spirochaeta_smaragdinae:3456588-3458127(-),1539,Escherichia_coli:3425243-3426781(-),1538,1016
Spirochaeta_smaragdinae:3456588-3458127(-),1539,Echinicola_vietnamensis:2105268-2106787(+),1519,897
Spirochaeta_smaragdinae:3456588-3458127(-),1539,Fervidobacterium_pennivorans:278157-279662(+),1505,993
Spirochaeta_smaragdinae:3456588-3458127(-),1539,Frateuria_aurantia:44108-45649(+),1541,1068
Spirochaeta_smaragdinae:3456588-3458127(-),1539,Halovivax_ruber:198297-199763(+),1466,945
Spirochaeta_smaragdinae:3456588-3458127(-),1539,Hirschia_baltica:691825-693271(+),1446,883
Spirochaeta_smaragdinae:3456588-3458127(-),1539,Meiothermus_silvanus:3154468-3155958(+),1490,916
Spirochaeta_smaragdinae:3456588-3458127(-),1539,Natronobacterium_gregoryi:1332969-1334433(-),1464,933
Spirochaeta_smaragdinae:3456588-3458127(-),1539,Natronococcus_occultus:1284986-1286450(+),1464,945
Spirochaeta_smaragdinae:3456588-3458127(-),1539,Nocardiopsis_dassonvillei:67121-68652(+),1531,1070
Spirochaeta_smaragdinae:3456588-3458127(-),1539,Olsenella_uli:159961-161472(+),1511,920
Spirochaeta_smaragdinae:3456588-3458127(-),1539,Pseudomonas_stutzeri:2121788-2123320(+),1532,950
Spirochaeta_smaragdinae:3456588-3458127(-),1539,Salmonella_bongori:3998147-3999685(+),1538,1012
Spirochaeta_smaragdinae:3456588-3458127(-),1539,Salmonella_enterica:3693493-3695031(-),1538,1018
Spirochaeta_smaragdinae:3456588-3458127(-),1539,Segniliparus_rotundus:687290-688803(+),1513,920
Spirochaeta_smaragdinae:3456588-3458127(-),1539,Spirochaeta_smaragdinae:3456588-3458127(-),1539,0
Spirochaeta_smaragdinae:3456588-3458127(-),1539,Streptococcus_pyogenes:17069-18614(+),1545,890
Spirochaeta_smaragdinae:3456588-3458127(-),1539,Terriglobus_roseus:924357-925855(+),1498,814
Spirochaeta_smaragdinae:3456588-3458127(-),1539,Thermobacillus_composti:3749735-3751338(-),1603,799
Streptococcus_pyogenes:17069-18614(+),1545,Clostridium_perfringens:231435-232945(+),1510,866
Streptococcus_pyogenes:17069-18614(+),1545,Clostridium_thermocellum:3427587-3429113(+),1526,778
Streptococcus_pyogenes:17069-18614(+),1545,Coraliomargarita_akajimensis:1561357-1562908(-),1551,926
Streptococcus_pyogenes:17069-18614(+),1545,Corynebacterium_glutamicum:1479364-1480885(+),1521,1017
Streptococcus_pyogenes:17069-18614(+),1545,Desulfosporosinus_acidiphilus:833160-834726(+),1566,911
Streptococcus_pyogenes:17069-18614(+),1545,Desulfosporosinus_meridiei:945380-946945(+),1565,892
Streptococcus_pyogenes:17069-18614(+),1545,Desulfotomaculum_gibsoniae:1268173-1269702(+),1529,969
Streptococcus_pyogenes:17069-18614(+),1545,Escherichia_coli:3425243-3426781(-),1538,722
Streptococcus_pyogenes:17069-18614(+),1545,Echinicola_vietnamensis:2105268-2106787(+),1519,960
Streptococcus_pyogenes:17069-18614(+),1545,Fervidobacterium_pennivorans:278157-279662(+),1505,994
Streptococcus_pyogenes:17069-18614(+),1545,Frateuria_aurantia:44108-45649(+),1541,971
Streptococcus_pyogenes:17069-18614(+),1545,Halovivax_ruber:198297-199763(+),1466,967
Streptococcus_pyogenes:17069-18614(+),1545,Hirschia_baltica:691825-693271(+),1446,945
Streptococcus_pyogenes:17069-18614(+),1545,Meiothermus_silvanus:3154468-3155958(+),1490,956
Streptococcus_pyogenes:17069-18614(+),1545,Natronobacterium_gregoryi:1332969-1334433(-),1464,971
Streptococcus_pyogenes:17069-18614(+),1545,Natronococcus_occultus:1284986-1286450(+),1464,972
Streptococcus_pyogenes:17069-18614(+),1545,Nocardiopsis_dassonvillei:67121-68652(+),1531,1006
Streptococcus_pyogenes:17069-18614(+),1545,Olsenella_uli:159961-161472(+),1511,921
Streptococcus_pyogenes:17069-18614(+),1545,Pseudomonas_stutzeri:2121788-2123320(+),1532,853
Streptococcus_pyogenes:17069-18614(+),1545,Salmonella_bongori:3998147-3999685(+),1538,716
Streptococcus_pyogenes:17069-18614(+),1545,Salmonella_enterica:3693493-3695031(-),1538,718
Streptococcus_pyogenes:17069-18614(+),1545,Segniliparus_rotundus:687290-688803(+),1513,981
Streptococcus_pyogenes:17069-18614(+),1545,Spirochaeta_smaragdinae:3456588-3458127(-),1539,890
Streptococcus_pyogenes:17069-18614(+),1545,Streptococcus_pyogenes:17069-18614(+),1545,0
Streptococcus_pyogenes:17069-18614(+),1545,Terriglobus_roseus:924357-925855(+),1498,1004
Streptococcus_pyogenes:17069-18614(+),1545,Thermobacillus_composti:3749735-3751338(-),1603,749
Terriglobus_roseus:924357-925855(+),1498,Clostridium_perfringens:231435-232945(+),1510,1068
Terriglobus_roseus:924357-925855(+),1498,Clostridium_thermocellum:3427587-3429113(+),1526,993
Terriglobus_roseus:924357-925855(+),1498,Coraliomargarita_akajimensis:1561357-1562908(-),1551,996
Terriglobus_roseus:924357-925855(+),1498,Corynebacterium_glutamicum:1479364-1480885(+),1521,845
Terriglobus_roseus:924357-925855(+),1498,Desulfosporosinus_acidiphilus:833160-834726(+),1566,815
Terriglobus_roseus:924357-925855(+),1498,Desulfosporosinus_meridiei:945380-946945(+),1565,823
Terriglobus_roseus:924357-925855(+),1498,Desulfotomaculum_gibsoniae:1268173-1269702(+),1529,805
Terriglobus_roseus:924357-925855(+),1498,Escherichia_coli:3425243-3426781(-),1538,1024
Terriglobus_roseus:924357-925855(+),1498,Echinicola_vietnamensis:2105268-2106787(+),1519,1030
Terriglobus_roseus:924357-925855(+),1498,Fervidobacterium_pennivorans:278157-279662(+),1505,1023
Terriglobus_roseus:924357-925855(+),1498,Frateuria_aurantia:44108-45649(+),1541,779
Terriglobus_roseus:924357-925855(+),1498,Halovivax_ruber:198297-199763(+),1466,961
Terriglobus_roseus:924357-925855(+),1498,Hirschia_baltica:691825-693271(+),1446,785
Terriglobus_roseus:924357-925855(+),1498,Meiothermus_silvanus:3154468-3155958(+),1490,944
Terriglobus_roseus:924357-925855(+),1498,Natronobacterium_gregoryi:1332969-1334433(-),1464,956
Terriglobus_roseus:924357-925855(+),1498,Natronococcus_occultus:1284986-1286450(+),1464,956
Terriglobus_roseus:924357-925855(+),1498,Nocardiopsis_dassonvillei:67121-68652(+),1531,750
Terriglobus_roseus:924357-925855(+),1498,Olsenella_uli:159961-161472(+),1511,908
Terriglobus_roseus:924357-925855(+),1498,Pseudomonas_stutzeri:2121788-2123320(+),1532,1011
Terriglobus_roseus:924357-925855(+),1498,Salmonella_bongori:3998147-3999685(+),1538,1022
Terriglobus_roseus:924357-925855(+),1498,Salmonella_enterica:3693493-3695031(-),1538,1018
Terriglobus_roseus:924357-925855(+),1498,Segniliparus_rotundus:687290-688803(+),1513,762
Terriglobus_roseus:924357-925855(+),1498,Spirochaeta_smaragdinae:3456588-3458127(-),1539,814
Terriglobus_roseus:924357-925855(+),1498,Streptococcus_pyogenes:17069-18614(+),1545,1004
Terriglobus_roseus:924357-925855(+),1498,Terriglobus_roseus:924357-925855(+),1498,0
Terriglobus_roseus:924357-925855(+),1498,Thermobacillus_composti:3749735-3751338(-),1603,848
Thermobacillus_composti:3749735-3751338(-),1603,Clostridium_perfringens:231435-232945(+),1510,924
Thermobacillus_composti:3749735-3751338(-),1603,Clostridium_thermocellum:3427587-3429113(+),1526,810
Thermobacillus_composti:3749735-3751338(-),1603,Coraliomargarita_akajimensis:1561357-1562908(-),1551,783
Thermobacillus_composti:3749735-3751338(-),1603,Corynebacterium_glutamicum:1479364-1480885(+),1521,895
Thermobacillus_composti:3749735-3751338(-),1603,Desulfosporosinus_acidiphilus:833160-834726(+),1566,772
Thermobacillus_composti:3749735-3751338(-),1603,Desulfosporosinus_meridiei:945380-946945(+),1565,769
Thermobacillus_composti:3749735-3751338(-),1603,Desulfotomaculum_gibsoniae:1268173-1269702(+),1529,766
Thermobacillus_composti:3749735-3751338(-),1603,Escherichia_coli:3425243-3426781(-),1538,810
Thermobacillus_composti:3749735-3751338(-),1603,Echinicola_vietnamensis:2105268-2106787(+),1519,939
Thermobacillus_composti:3749735-3751338(-),1603,Fervidobacterium_pennivorans:278157-279662(+),1505,946
Thermobacillus_composti:3749735-3751338(-),1603,Frateuria_aurantia:44108-45649(+),1541,678
Thermobacillus_composti:3749735-3751338(-),1603,Halovivax_ruber:198297-199763(+),1466,965
Thermobacillus_composti:3749735-3751338(-),1603,Hirschia_baltica:691825-693271(+),1446,891
Thermobacillus_composti:3749735-3751338(-),1603,Meiothermus_silvanus:3154468-3155958(+),1490,881
Thermobacillus_composti:3749735-3751338(-),1603,Natronobacterium_gregoryi:1332969-1334433(-),1464,965
Thermobacillus_composti:3749735-3751338(-),1603,Natronococcus_occultus:1284986-1286450(+),1464,969
Thermobacillus_composti:3749735-3751338(-),1603,Nocardiopsis_dassonvillei:67121-68652(+),1531,799
Thermobacillus_composti:3749735-3751338(-),1603,Olsenella_uli:159961-161472(+),1511,975
Thermobacillus_composti:3749735-3751338(-),1603,Pseudomonas_stutzeri:2121788-2123320(+),1532,829
Thermobacillus_composti:3749735-3751338(-),1603,Salmonella_bongori:3998147-3999685(+),1538,809
Thermobacillus_composti:3749735-3751338(-),1603,Salmonella_enterica:3693493-3695031(-),1538,811
Thermobacillus_composti:3749735-3751338(-),1603,Segniliparus_rotundus:687290-688803(+),1513,937
Thermobacillus_composti:3749735-3751338(-),1603,Spirochaeta_smaragdinae:3456588-3458127(-),1539,799
Thermobacillus_composti:3749735-3751338(-),1603,Streptococcus_pyogenes:17069-18614(+),1545,749
Thermobacillus_composti:3749735-3751338(-),1603,Terriglobus_roseus:924357-925855(+),1498,848
Thermobacillus_composti:3749735-3751338(-),1603,Thermobacillus_composti:3749735-3751338(-),1603,0
